pressure reading (mbar),cross sect area in^2
1734.3,1.393136745
2181.35,1.50397368
2474.5,1.7642999
2749.3,1.92954416
3302.7,2.35737082
3572.6,2.4453792
4114.3,2.592420105