pressure reading (mbar),cross sect area in^2
1788.3,1.393136745
2124.75,1.47994
2423.89,1.75545777
2714.2,1.89820657
3077.4,2.13325632
3491.2,2.23525283
4039.1,2.42348979